{"initial_reset_timestamp": 1586601759.140204, "timestamps": [1586601759.8768606, 1586601760.5532892, 1586601761.248505, 1586601761.798181, 1586601762.047639, 1586601762.6699564, 1586601763.2274559, 1586601763.917884, 1586601764.5865135, 1586601764.8426054, 1586601765.4657295, 1586601766.0231056, 1586601766.7115223, 1586601767.2603376, 1586601767.5126107, 1586601768.1331055, 1586601768.693649, 1586601769.3813531, 1586601769.9282496, 1586601770.1779246, 1586601770.800985, 1586601771.3633697, 1586601772.0597565, 1586601772.6100857, 1586601772.8616314, 1586601773.4894958, 1586601774.0511239, 1586601774.8508341, 1586601775.4121456, 1586601775.6624432, 1586601776.288257, 1586601776.842459, 1586601777.5270584, 1586601778.0696788, 1586601778.3184452, 1586601778.9399724, 1586601779.4986837, 1586601780.1915607, 1586601780.7422748, 1586601780.993046, 1586601781.6164577, 1586601782.1742442, 1586601782.8644893, 1586601783.4123192, 1586601783.6615863, 1586601784.2879713, 1586601784.8434672, 1586601785.529561, 1586601786.076234, 1586601786.3249595], "episode_lengths": [195, 177, 218, 174, 79, 195, 177, 218, 174, 79, 195, 177, 218, 174, 79, 195, 177, 218, 174, 79, 195, 177, 218, 174, 79, 195, 177, 218, 174, 79, 195, 177, 218, 174, 79, 195, 177, 218, 174, 79, 195, 177, 218, 174, 79, 195, 177, 218, 174, 79], "episode_rewards": [5.0, 5.0, 6.0, 4.0, 2.0, 5.0, 5.0, 6.0, 4.0, 2.0, 5.0, 5.0, 6.0, 4.0, 2.0, 5.0, 5.0, 6.0, 4.0, 2.0, 5.0, 5.0, 6.0, 4.0, 2.0, 5.0, 5.0, 6.0, 4.0, 2.0, 5.0, 5.0, 6.0, 4.0, 2.0, 5.0, 5.0, 6.0, 4.0, 2.0, 5.0, 5.0, 6.0, 4.0, 2.0, 5.0, 5.0, 6.0, 4.0, 2.0], "episode_types": ["t", "t", "t", "t", "t", "t", "t", "t", "t", "t", "t", "t", "t", "t", "t", "t", "t", "t", "t", "t", "t", "t", "t", "t", "t", "t", "t", "t", "t", "t", "t", "t", "t", "t", "t", "t", "t", "t", "t", "t", "t", "t", "t", "t", "t", "t", "t", "t", "t", "t"]}